,speaker_id,total_num_utterances,total_duration_in_sec,average_utterance_duration,count_mora,mora_per_utterance,count_bunsetsu,bunsetsu_per_utterance,count_disfluency,count_filler,count_mask,count_sp
C001_000,C001_000,3694,6202.582000000002,1.67909637249594,41906,11.344342176502437,7558,2.0460205739036277,202,680,131,575
C001_001,C001_001,933,1777.1119999999971,1.9047288317256132,10568,11.32690246516613,1751,1.8767416934619507,161,151,39,248
C001_002,C001_002,795,1626.4860000000012,2.045894339622643,10498,13.20503144654088,1921,2.4163522012578618,90,296,16,261
C001_003,C001_003,188,253.2829999999989,1.3472499999999943,1693,9.00531914893617,277,1.4734042553191489,13,22,7,23
C001_004,C001_004,401,568.6339999999977,1.4180399002493709,3710,9.251870324189527,652,1.625935162094763,43,16,16,74
C001_005,C001_005,1360,2055.1239999999934,1.5111205882352894,18217,13.39485294117647,3033,2.2301470588235293,139,316,80,263
C001_006,C001_006,295,365.2159999999998,1.2380203389830502,2389,8.098305084745762,357,1.2101694915254237,27,16,15,31
C001_007,C001_007,881,1233.997999999995,1.4006787741203122,8741,9.921679909194097,1452,1.6481271282633372,107,40,29,162
C002_000,C002_000,3262,6118.973000000004,1.875834763948499,47965,14.704169221336603,8200,2.5137952176578784,534,352,97,669
C002_001,C002_001,338,454.2790000000002,1.3440207100591723,4135,12.233727810650887,686,2.029585798816568,46,61,23,57
C002_002,C002_002,632,590.21,0.933876582278481,5177,8.191455696202532,747,1.1819620253164558,38,63,4,53
C002_003,C002_003,355,497.8909999999995,1.402509859154928,2400,6.76056338028169,392,1.1042253521126761,15,11,18,65
C002_004,C002_004,371,724.9540000000002,1.9540539083557957,4750,12.803234501347708,930,2.5067385444743935,52,44,28,151
C002_006,C002_006,480,750.6430000000017,1.563839583333337,4360,9.083333333333334,718,1.4958333333333333,69,21,14,37
C002_008,C002_008,217,337.7679999999991,1.5565345622119775,2451,11.294930875576037,411,1.8940092165898617,44,36,0,36
C002_009,C002_009,772,1377.1389999999972,1.7838588082901519,9044,11.715025906735752,1674,2.16839378238342,43,53,1,168
C002_010,C002_010,602,1170.1020000000012,1.9436910299003343,7042,11.69767441860465,1207,2.004983388704319,106,30,3,127
C002_011,C002_011,686,947.2520000000079,1.380833819241994,5580,8.13411078717201,899,1.3104956268221575,30,42,15,109
K001_000,K001_000,4319,6796.843000000001,1.5737075711970365,43029,9.962722852512156,6726,1.5573049316971521,351,211,139,936
K001_003,K001_003,783,1523.1760000000013,1.9453077905491716,10351,13.219667943805876,2073,2.6475095785440614,84,164,45,244
K001_004,K001_004,1115,1517.0860000000011,1.3606152466367722,9646,8.651121076233183,1609,1.4430493273542602,75,107,27,177
K001_005,K001_005,187,396.77100000000064,2.1217700534759394,2598,13.893048128342246,547,2.9251336898395723,48,23,11,39
K001_009,K001_009,255,416.61399999999946,1.6337803921568606,2741,10.749019607843136,415,1.6274509803921569,28,12,9,35
K001_010,K001_010,177,242.05199999999974,1.3675254237288121,1903,10.751412429378531,286,1.615819209039548,7,14,6,41
K001_011,K001_011,394,720.8419999999996,1.829548223350253,6174,15.67005076142132,1035,2.6269035532994924,50,28,36,110
K001_012,K001_012,412,516.7620000000007,1.254276699029128,4019,9.754854368932039,642,1.558252427184466,30,24,8,49
K001_013,K001_013,978,1393.4399999999969,1.4247852760736164,10014,10.239263803680982,1519,1.5531697341513293,123,24,7,141
K001_014,K001_014,347,586.0000000000014,1.6887608069164304,2250,6.484149855907781,339,0.9769452449567724,3,10,2,61
K001_015,K001_015,191,442.20000000000095,2.3151832460733033,2077,10.87434554973822,315,1.649214659685864,14,12,3,38
K001_016,K001_016,86,129.39700000000022,1.50461627906977,776,9.023255813953488,114,1.3255813953488371,4,15,8,10
K001_018,K001_018,504,661.2479999999996,1.3119999999999992,5591,11.093253968253968,900,1.7857142857142858,44,22,13,79
K001_021,K001_021,189,189.99100000000087,1.005243386243391,955,5.052910052910053,100,0.5291005291005291,10,2,2,17
K002_000,K002_000,3639,6054.234000000007,1.6637081615828544,51595,14.178345699367958,9211,2.5311898873316845,489,442,365,923
K002_003,K002_003,508,771.643,1.518982283464567,5404,10.637795275590552,889,1.75,34,130,65,69
K002_004,K002_004,507,906.2850000000003,1.7875443786982255,6964,13.735700197238659,1159,2.2859960552268244,52,71,13,127
K002_005,K002_005,306,520.5789999999989,1.7012385620914998,3218,10.516339869281046,491,1.6045751633986929,26,83,1,81
K002_006,K002_006,222,168.9520000000016,0.7610450450450522,943,4.247747747747748,98,0.44144144144144143,8,0,0,17
K002_007,K002_007,643,1128.1450000000023,1.7545023328149336,8997,13.992223950233281,1504,2.339035769828927,63,119,22,135
K002_008,K002_008,809,1167.8399999999986,1.4435599505562404,7794,9.634116192830655,1340,1.6563658838071693,142,156,71,92
K002_009,K002_009,502,911.0939999999979,1.8149282868525853,7403,14.747011952191235,1254,2.49800796812749,54,145,11,150
K002_011,K002_011,537,699.8840000000009,1.3033221601489775,5365,9.990689013035382,914,1.702048417132216,49,92,31,100
K002_015,K002_015,698,868.8049999999978,1.2447063037249253,7128,10.212034383954155,1162,1.664756446991404,75,221,41,145
K002_016,K002_016,185,219.74299999999886,1.1877999999999937,1499,8.102702702702702,223,1.2054054054054053,19,22,4,30
K003_000,K003_000,3649,6406.185000000003,1.7556001644286114,49836,13.657440394628665,9057,2.482049876678542,222,362,230,669
K003_001,K003_001,315,375.92099999999994,1.1933999999999998,1960,6.222222222222222,284,0.9015873015873016,5,2,5,59
K003_003,K003_003,553,828.9409999999998,1.4989891500904156,5852,10.582278481012658,996,1.8010849909584086,38,103,39,111
K003_004,K003_004,958,1752.608000000004,1.82944467640919,13003,13.573068893528184,2392,2.4968684759916493,95,110,15,272
K003_005,K003_005,485,605.1800000000007,1.2477938144329912,4772,9.83917525773196,761,1.5690721649484536,35,15,20,80
K003_006,K003_006,342,710.1360000000005,2.0764210526315807,5461,15.967836257309942,1042,3.046783625730994,17,10,14,87
K003_007,K003_007,414,434.2720000000004,1.0489661835748803,4013,9.693236714975846,588,1.4202898550724639,14,39,23,46
K003_008,K003_008,652,1131.2460000000008,1.7350398773006146,8027,12.311349693251534,1346,2.0644171779141103,56,81,22,143
K004_000,K004_000,3999,7152.477000000001,1.7885663915978998,44350,11.090272568142035,7621,1.905726431607902,265,470,235,725
K004_001,K004_001,653,749.2300000000017,1.1473660030627897,6537,10.010719754977028,1082,1.656967840735069,31,22,18,53
K004_002,K004_002,269,438.0360000000006,1.628386617100374,4048,15.048327137546469,740,2.7509293680297398,45,27,14,47
K004_003,K004_003,865,1332.5110000000002,1.5404751445086708,12919,14.935260115606937,2292,2.6497109826589593,65,125,54,64
K004_004,K004_004,9,8.497999999999934,0.9442222222222149,52,5.777777777777778,8,0.8888888888888888,0,0,0,0
K004_005,K004_005,493,1065.4780000000012,2.1612129817444243,7045,14.290060851926977,1291,2.6186612576064907,47,179,30,128
K004_006,K004_006,119,140.44400000000005,1.1802016806722693,1148,9.647058823529411,172,1.4453781512605042,6,0,16,28
K004_007,K004_007,385,535.3279999999986,1.390462337662334,3855,10.012987012987013,627,1.6285714285714286,49,39,9,91
K004_008,K004_008,494,833.0429999999986,1.6863218623481755,5520,11.17408906882591,1097,2.220647773279352,65,37,10,149
K004_009,K004_009,161,315.78900000000027,1.9614223602484488,2945,18.29192546583851,610,3.7888198757763973,15,138,0,48
K004_010,K004_010,104,126.1690000000001,1.2131634615384626,836,8.038461538461538,105,1.0096153846153846,1,2,0,27
K004_011,K004_011,370,533.969,1.4431594594594597,4024,10.875675675675677,668,1.8054054054054054,26,13,4,63
K004_012,K004_012,489,676.1349999999998,1.3826891615541916,4592,9.390593047034764,774,1.5828220858895705,28,8,1,113
K004_013,K004_013,532,808.321999999999,1.5194022556390958,5647,10.614661654135338,926,1.7406015037593985,29,70,2,149
K004_014,K004_014,180,236.83700000000027,1.3157611111111127,1358,7.544444444444444,208,1.1555555555555554,15,11,0,24
K004_016,K004_016,346,525.0029999999987,1.517349710982655,3619,10.459537572254336,668,1.930635838150289,20,6,4,120
K004_017,K004_017,319,664.7619999999998,2.083893416927899,5049,15.827586206896552,989,3.1003134796238245,54,102,11,133
K004_018,K004_018,291,479.49400000000014,1.6477457044673545,2408,8.27491408934708,362,1.2439862542955327,11,9,16,52
K004_020,K004_020,559,914.6359999999979,1.6362003577817494,6562,11.738819320214668,1163,2.080500894454383,37,16,54,119
K004_023,K004_023,377,976.5720000000011,2.5903766578249368,5941,15.758620689655173,1033,2.740053050397878,48,68,23,130
K005_000,K005_000,4338,7535.334999999997,1.7370527893038261,57261,13.199861687413554,10361,2.388427846934071,669,584,236,1016
K005_001,K005_001,1416,1698.7950000000053,1.1997139830508512,12643,8.92867231638418,2112,1.4915254237288136,146,58,37,192
K005_002,K005_002,489,650.6280000000038,1.330527607361971,4158,8.503067484662576,678,1.3865030674846626,63,20,28,47
K005_003,K005_003,232,274.85499999999973,1.1847198275862056,2183,9.40948275862069,347,1.4956896551724137,35,22,4,43
K005_004,K005_004,409,987.2140000000006,2.4137261613691945,7383,18.051344743276285,1350,3.3007334963325183,56,161,1,132
K005_006,K005_006,252,634.5259999999994,2.517960317460315,3690,14.642857142857142,650,2.5793650793650795,40,59,7,93
K005_008,K005_008,235,289.751,1.2329829787234041,1830,7.787234042553192,262,1.1148936170212767,21,9,0,26
K005_010,K005_010,258,326.7259999999998,1.2663798449612393,2281,8.84108527131783,372,1.441860465116279,4,9,15,40
K005_012,K005_012,563,729.219000000001,1.2952380106571952,4650,8.259325044404973,819,1.4547069271758437,110,28,22,75
K005_014,K005_014,634,1285.8129999999994,2.02809621451104,8479,13.373817034700316,1561,2.4621451104100944,62,57,10,161
K005_015,K005_015,544,539.193,0.9911636029411764,3663,6.733455882352941,536,0.9852941176470589,29,47,17,70
K006_000,K006_000,4011,7073.686,1.763571677885814,54838,13.671902268760908,11023,2.74819247070556,654,1102,115,1057
K006_001,K006_001,878,1192.0830000000014,1.3577255125284755,10025,11.417995444191344,1824,2.0774487471526197,95,98,15,152
K006_007,K006_007,340,868.5099999999994,2.5544411764705863,6103,17.95,1113,3.273529411764706,33,203,8,144
K006_008,K006_008,133,192.71900000000005,1.4490150375939854,1390,10.451127819548873,218,1.6390977443609023,11,23,12,32
K006_009,K006_009,418,579.9509999999991,1.3874425837320552,3834,9.17224880382775,636,1.5215311004784688,29,31,9,75
K006_012,K006_012,351,818.658,2.3323589743589745,5542,15.78917378917379,1116,3.1794871794871793,34,89,12,146
K006_013,K006_013,354,823.5449999999972,2.326398305084738,6019,17.002824858757062,1251,3.5338983050847457,38,129,8,128
K006_014,K006_014,547,885.8019999999985,1.6193820840950612,7005,12.806215722120658,1204,2.2010968921389398,70,67,5,119
K006_016,K006_016,648,925.6139999999992,1.4284166666666656,6486,10.00925925925926,1114,1.7191358024691359,42,85,9,183
K006_017,K006_017,699,1213.1989999999976,1.7356208869813985,8684,12.423462088698141,1599,2.2875536480686693,188,136,24,197
K006_018,K006_018,617,1115.541999999998,1.8080097244732547,6094,9.876823338735818,1142,1.8508914100486225,36,48,0,160
K007_000,K007_000,4040,6529.822999999994,1.6162928217821768,44920,11.118811881188119,6977,1.726980198019802,236,244,138,803
K007_001,K007_001,204,265.768,1.30278431372549,1713,8.397058823529411,270,1.3235294117647058,21,8,1,19
K007_003,K007_003,1083,1495.1029999999987,1.3805198522622333,9549,8.817174515235457,1363,1.2585410895660203,64,50,27,133
K007_004,K007_004,1077,1970.0970000000025,1.8292451253481916,13844,12.854224698235841,2378,2.2079851439182914,88,378,33,258
K007_005,K007_005,473,973.7840000000016,2.058739957716705,7562,15.987315010570825,1292,2.7315010570824523,71,110,12,171
K007_006,K007_006,356,508.4660000000009,1.428275280898879,3153,8.856741573033707,427,1.199438202247191,24,27,32,44
K007_007,K007_007,271,404.3539999999988,1.4920811808118037,2498,9.217712177121772,430,1.5867158671586716,32,9,9,68
K007_009,K007_009,415,1044.6249999999982,2.517168674698791,8358,20.13975903614458,1583,3.814457831325301,213,100,53,217
K007_010,K007_010,8,15.510999999999967,1.938874999999996,127,15.875,23,2.875,2,0,0,5
K007_011,K007_011,371,491.82299999999935,1.325668463611858,3115,8.39622641509434,452,1.2183288409703503,17,77,8,57
K008_000,K008_000,3365,4962.419999999993,1.4747161961366992,34150,10.148588410104011,6136,1.8234769687964338,593,758,79,710
K008_001,K008_001,127,175.08499999999987,1.3786220472440935,1363,10.73228346456693,227,1.7874015748031495,7,3,7,19
K008_002,K008_002,145,181.91400000000007,1.2545793103448282,1485,10.241379310344827,307,2.117241379310345,25,8,6,38
K008_004,K008_004,276,275.50799999999913,0.9982173913043446,1826,6.615942028985507,227,0.822463768115942,17,5,2,23
K008_005,K008_005,758,1631.9489999999998,2.1529670184696568,13883,18.315303430079155,2308,3.044854881266491,88,380,1,311
K008_006,K008_006,525,491.93399999999986,0.9370171428571425,3630,6.914285714285715,584,1.1123809523809525,70,95,2,106
K008_007,K008_007,73,91.21700000000014,1.2495479452054814,737,10.095890410958905,137,1.8767123287671232,24,8,2,14
K008_011,K008_011,334,604.963,1.8112664670658682,4573,13.691616766467066,791,2.3682634730538923,38,98,5,50
K008_013,K008_013,1110,1561.6969999999978,1.4069342342342324,11935,10.752252252252251,1751,1.5774774774774776,80,435,3,319
K008_014,K008_014,1035,1481.737000000004,1.431629951690825,12742,12.311111111111112,2132,2.059903381642512,87,327,47,312
K009_000,K009_000,2467,3359.416000000002,1.3617413862991496,24733,10.025537089582489,3928,1.5922172679367652,166,105,59,450
K009_001,K009_001,171,183.74000000000007,1.0745029239766086,1610,9.415204678362572,241,1.409356725146199,17,0,6,35
K009_004,K009_004,91,146.65500000000034,1.6115934065934103,1115,12.252747252747254,179,1.967032967032967,13,18,11,16
K009_005,K009_005,756,765.2989999999995,1.012300264550264,5312,7.026455026455026,600,0.7936507936507936,134,19,4,188
K009_006,K009_006,2235,4632.048000000002,2.0725046979865778,39996,17.895302013422818,7710,3.4496644295302015,441,207,139,842
K009_007,K009_007,10,9.012000000000006,0.9012000000000006,44,4.4,2,0.2,0,0,2,0
K009_012,K009_012,220,484.65799999999916,2.2029909090909054,3571,16.23181818181818,650,2.9545454545454546,72,63,8,136
K009_013,K009_013,206,414.10700000000105,2.010228155339811,3172,15.398058252427184,577,2.8009708737864076,73,27,17,84
K009_014,K009_014,233,598.5750000000005,2.568991416309015,4747,20.373390557939913,855,3.6695278969957084,53,60,16,84
K009_015,K009_015,207,308.09599999999983,1.4883864734299508,2580,12.46376811594203,481,2.323671497584541,14,13,13,69
K009_016,K009_016,21,17.198999999999938,0.8189999999999971,128,6.095238095238095,22,1.0476190476190477,6,0,0,1
K009_017,K009_017,310,414.71999999999923,1.3378064516129007,2708,8.735483870967743,382,1.232258064516129,25,2,10,61
K009_018,K009_018,268,328.6679999999981,1.226373134328351,2036,7.597014925373134,311,1.1604477611940298,26,1,4,62
K009_019,K009_019,300,429.5780000000001,1.431926666666667,3040,10.133333333333333,493,1.6433333333333333,19,7,11,53
K009_020,K009_020,426,481.19099999999776,1.1295563380281637,3283,7.706572769953052,496,1.164319248826291,20,48,19,117
K009_021,K009_021,282,559.2529999999995,1.9831666666666647,3186,11.297872340425531,576,2.0425531914893615,38,14,6,74
K009_023,K009_023,304,411.306000000002,1.3529802631579013,3190,10.493421052631579,465,1.5296052631578947,20,24,10,40
K009_024,K009_024,41,64.35600000000007,1.5696585365853675,359,8.75609756097561,59,1.4390243902439024,1,3,1,9
K009_025,K009_025,330,483.1750000000002,1.4641666666666673,4029,12.209090909090909,612,1.8545454545454545,38,11,8,83
K009_026,K009_026,366,727.3109999999997,1.987188524590163,4981,13.609289617486338,909,2.4836065573770494,92,44,4,107
K009_027,K009_027,249,272.4670000000003,1.09424497991968,1407,5.650602409638554,178,0.714859437751004,5,1,3,20
K010_000,K010_000,3039,6037.909999999998,1.9868081605791372,41084,13.518920697597894,6915,2.2754195459032576,787,1032,248,797
K010_001,K010_001,1104,1742.604999999999,1.5784465579710136,8923,8.082427536231885,1320,1.1956521739130435,90,29,14,144
K010_002,K010_002,840,1674.8159999999962,1.9938285714285668,12321,14.667857142857143,2212,2.6333333333333333,136,57,92,199
K010_003,K010_003,355,548.5289999999984,1.545152112676052,4604,12.969014084507043,788,2.219718309859155,65,120,18,99
K010_005,K010_005,534,937.7070000000016,1.756005617977531,7170,13.426966292134832,1165,2.1816479400749063,37,206,26,135
K010_006,K010_006,192,327.3429999999997,1.7049114583333316,2539,13.223958333333334,415,2.1614583333333335,26,11,14,55
K010_007,K010_007,89,135.3210000000004,1.520460674157308,1105,12.415730337078651,201,2.258426966292135,10,17,0,18
K010_009,K010_009,99,93.73599999999968,0.9468282828282796,591,5.96969696969697,84,0.8484848484848485,3,3,6,14
K010_012,K010_012,285,323.8499999999999,1.136315789473684,2234,7.838596491228071,384,1.3473684210526315,36,10,18,26
K010_013,K010_013,167,232.04399999999956,1.3894850299401171,1618,9.688622754491018,237,1.4191616766467066,5,2,2,21
K010_014,K010_014,178,306.92699999999996,1.7243089887640448,2190,12.303370786516854,363,2.039325842696629,28,48,9,45
K010_015,K010_015,273,352.58099999999956,1.291505494505493,2052,7.516483516483516,334,1.2234432234432235,32,59,22,39
K010_020,K010_020,117,234.50099999999986,2.00428205128205,1729,14.777777777777779,344,2.9401709401709404,43,68,7,27
K011_000,K011_000,4364,7364.266999999994,1.6875038955087063,49986,11.45417048579285,8071,1.8494500458295142,340,468,153,1145
K011_001,K011_001,768,1039.4339999999966,1.3534296874999956,7037,9.162760416666666,1242,1.6171875,66,70,14,178
K011_002,K011_002,214,238.1119999999998,1.1126728971962607,1771,8.27570093457944,281,1.3130841121495327,17,21,12,47
K011_003,K011_003,156,159.98499999999925,1.025544871794867,1176,7.538461538461538,162,1.0384615384615385,15,0,5,21
K011_004,K011_004,210,239.24600000000058,1.1392666666666693,1548,7.371428571428571,207,0.9857142857142858,48,28,0,47
K011_005,K011_005,39,39.54000000000002,1.0138461538461543,191,4.897435897435898,20,0.5128205128205128,2,0,0,3
K011_009,K011_009,960,1306.7049999999977,1.3611510416666641,11735,12.223958333333334,2142,2.23125,96,44,55,229
K011_010,K011_010,859,1175.2760000000026,1.3681909196740425,5256,6.118742724097788,711,0.8277066356228172,32,40,0,160
K011_014,K011_014,297,505.2849999999995,1.7012962962962948,3032,10.20875420875421,477,1.606060606060606,19,29,0,73
K011_015,K011_015,279,401.9620000000004,1.4407240143369189,2173,7.788530465949821,342,1.2258064516129032,16,6,1,42
K011_017,K011_017,333,488.9919999999995,1.4684444444444429,3995,11.996996996996996,739,2.219219219219219,22,11,26,74
K011_031,K011_031,261,295.4180000000001,1.1318697318007667,1856,7.111111111111111,244,0.9348659003831418,11,37,9,27
K011_032,K011_032,652,1288.0069999999985,1.9754708588957033,6808,10.441717791411042,1117,1.7131901840490797,62,34,43,263
K011_033,K011_033,259,439.96399999999915,1.6987027027026993,1721,6.644787644787645,233,0.8996138996138996,10,0,8,56
K011_036,K011_036,209,167.709,0.8024354066985646,1154,5.521531100478469,151,0.722488038277512,1,0,2,13
K012_000,K012_000,2464,4027.9979999999982,1.6347394480519473,31058,12.604707792207792,5579,2.2642045454545454,218,959,113,473
K012_001,K012_001,401,598.5800000000006,1.4927182044887797,3547,8.845386533665835,812,2.024937655860349,7,28,0,95
K012_002,K012_002,511,721.9159999999993,1.4127514677103703,5448,10.661448140900196,1033,2.0215264187866926,74,129,7,85
K012_003,K012_003,1193,1576.6429999999928,1.3215783738474374,7844,6.575020955574183,952,0.7979882648784576,166,75,42,121
K012_004,K012_004,30,52.87600000000001,1.7625333333333337,331,11.033333333333333,63,2.1,1,3,1,5
K012_005,K012_005,1369,1754.3890000000067,1.2815113221329486,12200,8.911614317019723,1674,1.222790357925493,122,115,89,269
K013_000,K013_000,3866,4516.8160000000025,1.168343507501294,38797,10.03543714433523,6869,1.7767718572167615,389,375,141,675
K013_001,K013_001,1536,1807.3690000000001,1.1766725260416668,15589,10.149088541666666,2733,1.779296875,170,297,34,247
K013_002,K013_002,1276,1511.1880000000028,1.184316614420065,11353,8.897335423197493,1959,1.5352664576802508,101,45,93,187
K013_003,K013_003,725,1041.2520000000043,1.4362096551724197,8010,11.048275862068966,1358,1.8731034482758622,101,143,68,114
K013_004,K013_004,1158,2377.723999999999,2.0533022452504306,18493,15.969775474956823,3363,2.9041450777202074,207,382,11,503
K013_005,K013_005,1092,1228.717999999996,1.12519963369963,10804,9.893772893772894,1817,1.663919413919414,74,80,74,152
K013_008,K013_008,303,358.73699999999997,1.1839504950495048,3215,10.610561056105611,633,2.089108910891089,36,24,9,70
K013_009,K013_009,367,458.04500000000013,1.2480790190735698,3526,9.607629427792915,650,1.771117166212534,69,40,23,90
S001_000,S001_000,2535,2634.322,1.0391802761341222,18757,7.399211045364892,2684,1.0587771203155818,121,300,132,249
S001_003,S001_003,355,511.37699999999813,1.4404985915492905,3430,9.661971830985916,494,1.3915492957746478,24,8,20,62
S001_004,S001_004,359,339.3939999999994,0.9453871866295247,3069,8.54874651810585,444,1.2367688022284122,24,28,20,55
S001_005,S001_005,1520,1768.943000000001,1.1637782894736848,12717,8.366447368421053,1948,1.2815789473684212,75,84,55,167
S001_006,S001_006,1007,1331.8690000000024,1.3226107249255237,9075,9.011916583912612,1386,1.3763654419066533,76,93,51,92
S001_007,S001_007,805,1218.2580000000023,1.5133639751552823,8105,10.06832298136646,1316,1.6347826086956523,121,77,73,114
S001_008,S001_008,315,338.70500000000175,1.075253968253974,2030,6.444444444444445,370,1.1746031746031746,54,7,6,74
S001_009,S001_009,746,932.7319999999995,1.2503109919571038,7498,10.05093833780161,1299,1.7412868632707774,76,98,29,201
S001_010,S001_010,169,177.658,1.0512307692307692,1134,6.710059171597633,149,0.8816568047337278,3,0,2,30
S001_011,S001_011,338,747.5960000000017,2.211822485207106,5066,14.988165680473372,869,2.5710059171597632,40,27,19,93
S001_012,S001_012,339,443.43999999999835,1.3080825958702016,3162,9.327433628318584,584,1.7227138643067847,20,61,14,66
S001_014,S001_014,181,278.41899999999987,1.538226519337016,1537,8.491712707182321,189,1.0441988950276244,14,2,19,26
S001_015,S001_015,152,234.10100000000045,1.5401381578947397,1496,9.842105263157896,206,1.355263157894737,37,22,16,44
S001_016,S001_016,184,173.0209999999991,0.9403315217391256,1234,6.706521739130435,187,1.016304347826087,13,3,4,22
S001_017,S001_017,410,515.0499999999996,1.256219512195121,3855,9.402439024390244,680,1.6585365853658536,45,57,23,71
S001_018,S001_018,356,463.5119999999995,1.3019999999999985,3770,10.589887640449438,534,1.5,27,34,25,74
S001_019,S001_019,422,764.6070000000009,1.8118649289099547,4921,11.661137440758294,844,2.0,35,46,28,92
S001_020,S001_020,336,739.7409999999999,2.2016101190476185,5714,17.00595238095238,1068,3.1785714285714284,66,82,4,91
S002_000,S002_000,4367,7813.917999999987,1.7893102816578856,62412,14.291733455461415,11240,2.5738493244790472,628,1585,192,1169
S002_001,S002_001,851,1333.4160000000008,1.5668813160987085,10354,12.166862514688601,1755,2.062279670975323,168,177,23,142
S002_002,S002_002,457,764.9699999999992,1.6738949671772412,5633,12.326039387308533,913,1.9978118161925602,35,25,65,74
S002_003,S002_003,150,169.57300000000006,1.130486666666667,1207,8.046666666666667,160,1.0666666666666667,12,20,8,19
S002_005,S002_005,743,839.6000000000031,1.130013458950206,4988,6.713324360699866,703,0.946164199192463,104,27,17,89
S002_007,S002_007,74,168.88300000000004,2.2822027027027034,1458,19.7027027027027,279,3.77027027027027,27,43,5,25
S002_008,S002_008,603,809.457999999999,1.3423847429519054,7080,11.74129353233831,1239,2.054726368159204,46,165,9,109
S002_009,S002_009,76,96.18900000000002,1.2656447368421055,803,10.56578947368421,119,1.5657894736842106,12,12,5,7
S002_011,S002_011,521,642.8540000000032,1.2338848368522135,4867,9.341650671785029,785,1.506717850287908,42,65,8,88
S002_012,S002_012,314,414.0480000000001,1.3186242038216565,2672,8.509554140127388,413,1.3152866242038217,4,14,6,57
S002_013,S002_013,181,326.45099999999877,1.8035966850828662,2113,11.67403314917127,350,1.9337016574585635,16,30,10,33
S002_014,S002_014,327,602.2500000000011,1.8417431192660585,3390,10.36697247706422,637,1.9480122324159022,45,59,26,111
S002_015,S002_015,175,376.6609999999992,2.152348571428567,2494,14.251428571428571,457,2.611428571428571,55,22,1,49
S002_016,S002_016,200,194.19800000000015,0.9709900000000008,1164,5.82,145,0.725,9,3,7,34
S002_017,S002_017,89,90.83600000000015,1.0206292134831478,645,7.247191011235955,81,0.9101123595505618,7,15,8,4
S002_018,S002_018,384,600.9199999999977,1.5648958333333274,4154,10.817708333333334,646,1.6822916666666667,53,28,6,51
S002_019,S002_019,148,215.53300000000056,1.4563040540540577,1694,11.445945945945946,339,2.2905405405405403,38,14,15,24
S002_020,S002_020,52,68.58099999999988,1.3188653846153822,449,8.634615384615385,72,1.3846153846153846,14,0,3,5
S002_021,S002_021,69,87.70500000000001,1.2710869565217393,741,10.73913043478261,98,1.4202898550724639,7,5,4,6
S002_022,S002_022,74,126.41599999999994,1.7083243243243236,861,11.635135135135135,150,2.027027027027027,7,4,13,14
S002_023,S002_023,82,78.38900000000008,0.9559634146341474,569,6.939024390243903,76,0.926829268292683,12,2,0,16
S002_024,S002_024,702,975.4909999999979,1.3895883190883163,7742,11.028490028490028,1436,2.0455840455840457,37,38,57,43
T001_000,T001_000,3878,6522.851999999995,1.6820144404332118,47092,12.14337287261475,7452,1.921609076843734,369,718,66,752
T001_001,T001_001,1936,2495.776999999999,1.2891410123966938,18770,9.695247933884298,3350,1.7303719008264462,132,126,11,314
T001_002,T001_002,802,1432.4379999999996,1.7860822942643386,10291,12.831670822942643,1975,2.4625935162094765,144,176,16,220
T001_003,T001_003,987,1282.527999999992,1.2994204660587558,9694,9.821681864235055,1686,1.7082066869300911,84,55,23,172
T001_004,T001_004,206,247.4969999999994,1.2014417475728125,1719,8.344660194174757,248,1.203883495145631,15,10,1,24
T001_005,T001_005,251,475.4919999999993,1.8943904382470091,4239,16.888446215139442,756,3.0119521912350598,31,66,59,56
T001_006,T001_006,455,637.4220000000017,1.4009274725274763,4710,10.351648351648352,704,1.5472527472527473,31,75,0,92
T001_007,T001_007,611,1130.1030000000044,1.8495957446808582,7548,12.353518821603927,1158,1.895253682487725,15,69,1,145
T001_008,T001_008,418,473.3559999999994,1.132430622009568,2684,6.421052631578948,407,0.9736842105263158,36,7,0,41
T001_009,T001_009,663,1187.3549999999996,1.7908823529411757,7873,11.874811463046758,1463,2.206636500754148,112,159,0,163
T001_010,T001_010,87,103.53699999999992,1.190080459770114,764,8.781609195402298,84,0.9655172413793104,3,0,1,10
T002_000,T002_000,5060,6901.175999999992,1.3638687747035558,56586,11.18300395256917,10077,1.991501976284585,304,1594,108,1227
T002_001,T002_001,625,960.8689999999981,1.537390399999997,8206,13.1296,1434,2.2944,58,79,19,134
T002_006,T002_006,428,667.0889999999988,1.5586191588785019,4621,10.796728971962617,865,2.0210280373831777,22,45,9,79
T002_007,T002_007,331,807.610000000001,2.4399093655589157,6296,19.021148036253777,1387,4.190332326283988,75,84,8,115
T002_011,T002_011,594,906.1070000000011,1.5254326599326617,5987,10.07912457912458,970,1.632996632996633,34,21,16,106
T002_012,T002_012,380,663.2630000000007,1.745428947368423,5367,14.123684210526315,885,2.3289473684210527,36,25,16,113
T002_013,T002_013,892,1393.522000000002,1.5622443946188362,11206,12.562780269058296,1913,2.1446188340807173,45,122,3,136
T002_014,T002_014,143,315.17299999999966,2.2040069930069905,2341,16.37062937062937,428,2.993006993006993,16,161,3,42
T002_015,T002_015,295,266.72300000000087,0.9041457627118673,2043,6.925423728813559,301,1.0203389830508474,10,5,0,17
T002_017,T002_017,520,596.5049999999987,1.1471249999999975,3986,7.665384615384616,555,1.0673076923076923,52,23,12,82
T002_018,T002_018,808,1180.2140000000034,1.460660891089113,8299,10.271039603960396,1346,1.6658415841584158,73,130,4,198
T003_000,T003_000,3202,5687.094999999996,1.776107120549655,41827,13.062773266708307,7077,2.2101811367895063,235,413,166,658
T003_001,T003_001,873,1303.3590000000036,1.4929656357388357,8914,10.210767468499427,1354,1.5509736540664376,53,60,21,92
T003_002,T003_002,1261,1870.4719999999916,1.4833243457573289,10409,8.254559873116575,1331,1.055511498810468,80,84,71,165
T003_003,T003_003,1325,1969.5170000000046,1.4864279245283054,16384,12.365283018867924,2752,2.076981132075472,115,66,80,218
T003_004,T003_004,843,1384.2609999999922,1.642065243179113,7601,9.016607354685647,1463,1.7354685646500594,96,107,24,194
T003_005,T003_005,225,383.1100000000008,1.7027111111111146,2939,13.062222222222223,486,2.16,14,19,9,43
T003_006,T003_006,329,667.6949999999995,2.0294680851063815,3892,11.829787234042554,739,2.2462006079027357,26,28,11,32
T003_008,T003_008,236,204.79700000000065,0.8677838983050875,1157,4.9025423728813555,137,0.5805084745762712,4,0,0,18
T003_009,T003_009,460,809.128999999999,1.7589760869565196,6144,13.356521739130434,1001,2.1760869565217393,71,53,3,97
T003_010,T003_010,1059,2152.024000000004,2.032128423040608,15363,14.507082152974505,2741,2.5882908404154863,198,283,22,413
T003_011,T003_011,97,142.03199999999995,1.4642474226804119,953,9.824742268041238,142,1.4639175257731958,17,4,17,19
T003_012,T003_012,228,347.95600000000013,1.5261228070175443,2171,9.521929824561404,320,1.4035087719298245,28,8,10,54
T003_013,T003_013,264,458.40500000000145,1.7363825757575813,3086,11.68939393939394,536,2.0303030303030303,27,50,10,79
T003_014,T003_014,200,488.41099999999847,2.4420549999999923,3931,19.655,715,3.575,35,43,32,86
T003_015,T003_015,353,470.6389999999999,1.3332549575070818,3464,9.813031161473088,560,1.5864022662889519,17,10,15,59
T003_016,T003_016,293,426.4960000000011,1.455617747440277,3347,11.42320819112628,578,1.9726962457337884,17,29,13,70
T003_017,T003_017,267,337.375000000001,1.2635767790262211,2158,8.082397003745319,316,1.1835205992509363,19,10,14,63
T003_018,T003_018,239,341.02999999999895,1.4269037656903722,2412,10.092050209205022,380,1.5899581589958158,11,11,15,56
T004_000,T004_000,4036,7163.476999999998,1.7748951932606536,50170,12.430624380574827,8224,2.0376610505450943,575,1377,150,1457
T004_001,T004_001,716,791.0749999999994,1.1048533519553063,5921,8.269553072625698,850,1.187150837988827,72,163,9,102
T004_002,T004_002,744,804.9479999999976,1.0819193548387065,5687,7.643817204301075,779,1.0470430107526882,120,64,7,48
T004_003,T004_003,64,79.59399999999994,1.243656249999999,556,8.6875,84,1.3125,9,2,0,12
T004_004,T004_004,370,550.5709999999989,1.4880297297297267,3821,10.327027027027027,583,1.5756756756756756,16,21,1,72
T004_005,T004_005,369,923.1469999999996,2.501753387533874,8154,22.097560975609756,1484,4.021680216802168,63,140,18,120
T004_006,T004_006,52,60.04599999999962,1.154730769230762,444,8.538461538461538,56,1.0769230769230769,5,2,4,9
T004_008,T004_008,310,511.9910000000001,1.6515838709677422,4199,13.54516129032258,618,1.9935483870967743,44,72,14,82
T004_009,T004_009,9,6.02599999999984,0.6695555555555378,47,5.222222222222222,3,0.3333333333333333,0,0,0,0
T004_010,T004_010,29,44.02200000000016,1.5180000000000056,176,6.068965517241379,21,0.7241379310344828,2,0,0,5
T004_011,T004_011,416,693.4650000000001,1.6669831730769233,5153,12.38701923076923,961,2.3100961538461537,99,98,35,63
T004_012,T004_012,136,155.56800000000095,1.1438823529411835,1145,8.419117647058824,164,1.2058823529411764,10,5,4,9
T004_013,T004_013,335,424.0090000000012,1.26569850746269,3091,9.226865671641791,509,1.519402985074627,39,36,8,37
T004_014,T004_014,378,506.354999999997,1.3395634920634842,2874,7.603174603174603,412,1.08994708994709,16,16,0,32
T004_017,T004_017,314,336.9979999999987,1.0732420382165564,2305,7.340764331210191,313,0.9968152866242038,9,40,10,61
T004_018,T004_018,193,324.34099999999955,1.6805233160621738,2420,12.538860103626943,424,2.1968911917098444,32,18,4,47
T004_019,T004_019,219,182.07100000000008,0.8313744292237447,1045,4.771689497716895,131,0.5981735159817352,12,0,3,16
T004_020,T004_020,126,383.9860000000002,3.0475079365079383,2799,22.214285714285715,477,3.7857142857142856,24,95,6,72
T004_021,T004_021,208,222.30099999999996,1.0687548076923075,1540,7.403846153846154,232,1.1153846153846154,10,0,5,40
T004_022,T004_022,335,463.45800000000025,1.3834567164179112,2235,6.6716417910447765,309,0.9223880597014925,11,14,1,71
T004_023,T004_023,122,198.44000000000003,1.6265573770491806,1177,9.647540983606557,170,1.3934426229508197,15,11,3,15
T004_024,T004_024,238,382.3459999999999,1.6064957983193273,2394,10.058823529411764,406,1.7058823529411764,32,6,1,48
T004_025,T004_025,345,590.5709999999999,1.7117999999999998,4795,13.898550724637682,749,2.1710144927536232,29,39,35,93
T004_026,T004_026,111,170.89199999999997,1.5395675675675673,1026,9.243243243243244,153,1.3783783783783783,4,10,1,30
T004_027,T004_027,233,298.89499999999964,1.2828111587982818,1882,8.07725321888412,308,1.3218884120171674,29,11,1,39
T004_028,T004_028,128,177.4529999999995,1.386351562499996,1110,8.671875,167,1.3046875,18,3,0,24
T004_029,T004_029,160,248.4110000000001,1.5525687500000005,1745,10.90625,294,1.8375,24,13,1,39
T004_030,T004_030,257,487.05399999999827,1.895151750972756,3362,13.081712062256809,562,2.186770428015564,45,84,1,55
T004_031,T004_031,165,263.62099999999924,1.5977030303030257,1238,7.503030303030303,207,1.2545454545454546,12,0,0,21
T004_032,T004_032,398,422.5889999999988,1.061781407035173,3263,8.198492462311558,498,1.2512562814070352,11,14,4,69
T004_033,T004_033,333,643.1669999999997,1.9314324324324315,5503,16.525525525525527,1030,3.093093093093093,57,59,6,120
T005_000,T005_000,2059,3479.0989999999997,1.6897032540067993,27604,13.406508013598835,5077,2.465760077707625,375,358,97,427
T005_001,T005_001,158,294.49100000000055,1.8638670886075985,2211,13.99367088607595,360,2.278481012658228,29,20,9,29
T005_002,T005_002,129,268.2789999999999,2.0796821705426347,1552,12.031007751937985,246,1.9069767441860466,25,6,9,26
T005_003,T005_003,363,481.323000000001,1.325958677685953,3887,10.707988980716253,640,1.7630853994490359,68,112,9,61
T005_004,T005_004,107,141.3190000000004,1.320738317757013,679,6.345794392523365,114,1.0654205607476634,20,4,0,12
T005_005,T005_005,109,140.33599999999996,1.2874862385321098,663,6.08256880733945,128,1.1743119266055047,15,14,2,16
T005_006,T005_006,552,1021.6400000000003,1.850797101449276,8513,15.422101449275363,1567,2.838768115942029,59,161,102,139
T005_007,T005_007,6,8.71600000000008,1.4526666666666799,36,6.0,4,0.6666666666666666,0,0,0,0
T005_008,T005_008,1043,2051.265000000002,1.9666970278044125,16141,15.47555129434324,3191,3.059443911792905,136,94,81,252
T005_009,T005_009,384,520.1120000000019,1.3544583333333382,2907,7.5703125,399,1.0390625,41,29,21,37
T005_010,T005_010,333,474.7020000000009,1.4255315315315342,2980,8.94894894894895,500,1.5015015015015014,24,10,13,51
T005_012,T005_012,391,628.882,1.608393861892583,4408,11.273657289002557,744,1.9028132992327367,65,100,8,115
T005_014,T005_014,237,252.8130000000009,1.0667215189873456,1518,6.405063291139241,191,0.8059071729957806,3,19,7,46
T005_015,T005_015,382,477.15500000000054,1.249096858638745,3295,8.62565445026178,507,1.3272251308900525,18,31,12,68
T005_016,T005_016,46,65.39300000000006,1.4215869565217403,544,11.826086956521738,83,1.8043478260869565,8,10,3,13
T005_017,T005_017,27,27.793999999999976,1.0294074074074064,248,9.185185185185185,32,1.1851851851851851,6,2,0,3
T005_018,T005_018,38,34.93999999999991,0.919473684210524,249,6.552631578947368,37,0.9736842105263158,3,5,4,2
T005_019,T005_019,34,33.09100000000009,0.9732647058823557,287,8.441176470588236,44,1.2941176470588236,5,5,2,6
T005_020,T005_020,58,71.93100000000004,1.2401896551724145,716,12.344827586206897,119,2.0517241379310347,6,9,4,8
T005_021,T005_021,35,67.87900000000002,1.9394000000000005,535,15.285714285714286,91,2.6,13,23,3,15
T005_022,T005_022,67,111.52399999999989,1.664537313432834,824,12.298507462686567,158,2.3582089552238807,22,51,2,19
T005_023,T005_023,51,50.00800000000002,0.9805490196078435,447,8.764705882352942,56,1.0980392156862746,17,6,0,5
T005_025,T005_025,12,8.89800000000001,0.7415000000000008,59,4.916666666666667,4,0.3333333333333333,0,0,0,1
T005_026,T005_026,130,167.52799999999982,1.2886769230769217,1452,11.169230769230769,213,1.6384615384615384,36,13,8,21
T005_027,T005_027,227,311.6869999999998,1.373070484581497,2879,12.682819383259911,460,2.026431718061674,29,40,31,54
T005_028,T005_028,107,111.95400000000014,1.046299065420562,673,6.289719626168225,84,0.7850467289719626,9,22,4,14
T005_029,T005_029,35,26.8400000000001,0.7668571428571457,199,5.685714285714286,24,0.6857142857142857,2,0,0,0
T005_030,T005_030,717,1266.7950000000017,1.7667991631799187,10527,14.682008368200837,2061,2.8744769874476988,135,161,50,203
T005_031,T005_031,24,19.23600000000009,0.8015000000000038,138,5.75,14,0.5833333333333334,1,0,0,3
T005_032,T005_032,631,843.2499999999987,1.3363708399366065,5962,9.448494453248811,1013,1.6053882725832012,85,44,56,162
T005_033,T005_033,471,544.378000000004,1.1557919320594565,3611,7.666666666666667,551,1.1698513800424628,25,22,4,79
T005_034,T005_034,297,385.00699999999875,1.296319865319861,2587,8.710437710437711,401,1.3501683501683501,13,16,0,48
T005_035,T005_035,361,535.8490000000008,1.484346260387814,4405,12.202216066481995,697,1.9307479224376731,62,24,28,85
T005_036,T005_036,252,289.1729999999996,1.1475119047619031,2268,9.0,374,1.4841269841269842,8,6,22,22
T005_037,T005_037,129,247.99799999999976,1.922465116279068,1757,13.62015503875969,304,2.356589147286822,11,24,4,37
T005_038,T005_038,105,134.12500000000034,1.2773809523809556,1124,10.704761904761904,211,2.0095238095238095,18,19,2,19
T005_039,T005_039,124,185.8279999999997,1.498612903225804,1407,11.346774193548388,255,2.056451612903226,15,13,1,34
T005_040,T005_040,134,238.99899999999974,1.7835746268656696,1897,14.156716417910447,365,2.7238805970149254,58,64,1,35
T005_041,T005_041,69,79.54700000000003,1.1528550724637685,632,9.159420289855072,103,1.4927536231884058,7,9,0,7
T005_042,T005_042,76,149.80100000000024,1.9710657894736874,1151,15.144736842105264,202,2.6578947368421053,10,12,0,24
T005_043,T005_043,113,160.12199999999996,1.4170088495575217,1085,9.601769911504425,186,1.6460176991150441,16,8,5,11
T005_044,T005_044,57,82.7050000000001,1.4509649122807036,588,10.31578947368421,93,1.631578947368421,1,3,10,31
T005_045,T005_045,158,185.535,1.1742721518987342,1331,8.424050632911392,205,1.2974683544303798,14,18,20,35
T005_046,T005_046,156,224.9089999999996,1.4417243589743565,1585,10.16025641025641,256,1.641025641025641,23,0,13,26
T005_047,T005_047,151,216.80800000000005,1.4358145695364242,1430,9.47019867549669,205,1.3576158940397351,6,36,5,48
T005_048,T005_048,251,307.9369999999984,1.226840637450193,1970,7.848605577689243,350,1.3944223107569722,25,18,6,38
T005_049,T005_049,3,3.4300000000000637,1.1433333333333546,25,8.333333333333334,3,1.0,0,0,0,0
T005_050,T005_050,201,225.75800000000055,1.1231741293532365,1976,9.83084577114428,285,1.4179104477611941,16,27,33,23
T005_051,T005_051,270,290.7520000000003,1.0768592592592603,2620,9.703703703703704,468,1.7333333333333334,45,32,34,47
T005_052,T005_052,478,786.8129999999985,1.646052301255227,5534,11.577405857740585,842,1.7615062761506277,44,263,23,105
T005_053,T005_053,431,854.8720000000003,1.9834617169373556,6803,15.784222737819025,1156,2.6821345707656614,44,214,8,105
T005_054,T005_054,43,43.95000000000083,1.0220930232558332,259,6.023255813953488,29,0.6744186046511628,0,2,0,4
T005_055,T005_055,22,30.85200000000026,1.4023636363636482,206,9.363636363636363,35,1.5909090909090908,2,12,2,5
T005_056,T005_056,236,445.80799999999937,1.8890169491525397,3550,15.042372881355933,614,2.6016949152542375,59,79,7,76
T005_057,T005_057,219,325.7519999999997,1.4874520547945194,2733,12.479452054794521,467,2.132420091324201,38,28,6,32
T005_058,T005_058,149,153.77199999999957,1.032026845637581,1038,6.966442953020135,155,1.0402684563758389,6,9,2,16
T005_059,T005_059,262,503.09500000000025,1.920209923664123,3232,12.335877862595419,565,2.1564885496183206,49,152,12,59
T005_060,T005_060,142,199.05400000000026,1.401788732394368,1321,9.30281690140845,199,1.4014084507042253,35,9,7,33
T005_061,T005_061,109,169.81300000000022,1.5579174311926625,1151,10.559633027522937,172,1.5779816513761469,10,15,6,19
T005_062,T005_062,52,66.7699999999999,1.2840384615384595,418,8.038461538461538,64,1.2307692307692308,7,3,6,10
T005_063,T005_063,71,87.80000000000105,1.236619718309874,552,7.774647887323944,72,1.0140845070422535,5,11,1,11
T005_064,T005_064,8,11.874000000000365,1.4842500000000456,84,10.5,17,2.125,3,0,0,0
T005_065,T005_065,6,9.169999999999732,1.5283333333332887,55,9.166666666666666,6,1.0,0,0,0,2
T006_000,T006_000,3848,4532.556999999999,1.177899428274428,32489,8.443087318087318,5303,1.378118503118503,586,490,69,669
T006_001,T006_001,499,896.0589999999991,1.7957094188376734,6106,12.236472945891784,1070,2.1442885771543088,35,243,1,126
T006_002,T006_002,514,546.8499999999991,1.063910505836574,3165,6.157587548638133,448,0.8715953307392996,97,14,1,63
T006_003,T006_003,1429,2185.467999999997,1.529368789363189,18903,13.22813156053184,3046,2.131560531840448,182,79,35,299
T006_004,T006_004,369,398.17500000000007,1.0790650406504068,4088,11.07859078590786,648,1.7560975609756098,12,19,6,45
T006_005,T006_005,371,775.9280000000008,2.091450134770892,6031,16.256064690026953,1032,2.7816711590296497,75,103,10,87
T006_006,T006_006,216,308.9369999999966,1.4302638888888732,1655,7.662037037037037,276,1.2777777777777777,32,24,0,42
T006_007,T006_007,464,744.9070000000005,1.6054030172413805,5490,11.831896551724139,880,1.896551724137931,32,26,2,44
T006_008,T006_008,483,1042.9029999999998,2.159219461697722,5167,10.697722567287785,841,1.74120082815735,18,20,1,45
T006_009,T006_009,511,515.8320000000006,1.0094559686888465,4423,8.655577299412915,638,1.24853228962818,9,30,2,65
T006_010,T006_010,283,415.37200000000087,1.4677455830388724,2959,10.45583038869258,552,1.9505300353356891,16,8,34,22
T006_011,T006_011,251,362.93200000000024,1.4459442231075708,2420,9.641434262948207,466,1.8565737051792828,32,8,8,35
T006_012,T006_012,378,593.2310000000009,1.5693941798941824,4373,11.568783068783068,833,2.2037037037037037,44,45,20,47
T007_000,T007_000,4149,7986.699999999996,1.9249698722583746,69823,16.82887442757291,11734,2.8281513617739216,580,1630,236,1552
T007_001,T007_001,513,702.3549999999994,1.3691130604288488,5476,10.674463937621832,790,1.5399610136452242,41,59,67,105
T007_003,T007_003,373,395.0149999999995,1.0590214477211781,2497,6.694369973190349,380,1.0187667560321716,28,26,1,41
T007_004,T007_004,828,1158.720999999999,1.39942149758454,9054,10.934782608695652,1485,1.7934782608695652,104,102,23,175
T007_005,T007_005,755,1235.409999999999,1.636304635761588,11906,15.76953642384106,2174,2.8794701986754965,201,177,10,269
T007_006,T007_006,805,920.0180000000015,1.1428795031055918,7406,9.2,1185,1.4720496894409938,75,68,14,173
T007_007,T007_007,478,571.8460000000015,1.1963305439330576,4244,8.878661087866108,676,1.4142259414225942,46,126,2,105
T007_008,T007_008,1087,1026.2759999999998,0.9441361545538177,6729,6.190432382704691,1007,0.9264029438822448,54,42,23,260
T007_009,T007_009,393,363.9290000000004,0.9260279898218841,2437,6.201017811704834,347,0.8829516539440203,59,13,0,33
T007_010,T007_010,59,73.13199999999881,1.2395254237287934,355,6.016949152542373,60,1.0169491525423728,5,4,0,10
T007_011,T007_011,482,681.200000000001,1.4132780082987573,4080,8.464730290456432,653,1.3547717842323652,32,28,3,130
T007_012,T007_012,757,952.8810000000001,1.258759577278732,6202,8.192866578599736,1130,1.4927344782034346,54,70,5,179
T007_013,T007_013,114,157.01200000000034,1.3772982456140381,1100,9.649122807017545,176,1.543859649122807,11,5,0,20
T007_014,T007_014,186,358.17100000000073,1.9256505376344126,2717,14.60752688172043,496,2.6666666666666665,32,23,0,60
T007_015,T007_015,449,771.5270000000005,1.7183229398663709,5593,12.456570155902005,976,2.173719376391982,35,138,3,173
T007_017,T007_017,559,518.3679999999995,0.9273130590339883,4205,7.522361359570662,742,1.3273703041144902,47,29,24,162
T007_023,T007_023,1286,762.5050000000031,0.5929276827371719,5284,4.108864696734059,606,0.4712286158631415,16,12,3,176
T008_000,T008_000,3805,5755.219000000004,1.512541130091985,50018,13.14533508541393,8326,2.188173455978975,310,141,74,580
T008_001,T008_001,709,663.6000000000003,0.9359661495063473,5440,7.672778561354019,698,0.9844851904090268,49,28,9,78
T008_002,T008_002,54,129.875,2.4050925925925926,1045,19.35185185185185,202,3.740740740740741,19,61,2,22
T008_003,T008_003,509,700.1960000000001,1.3756306483300593,5662,11.1237721021611,913,1.793713163064833,23,55,10,67
T008_004,T008_004,109,148.48999999999975,1.3622935779816492,1328,12.18348623853211,188,1.724770642201835,6,7,3,23
T008_005,T008_005,37,32.43200000000013,0.8765405405405441,176,4.756756756756757,18,0.4864864864864865,0,0,0,2
T008_006,T008_006,103,207.4349999999997,2.0139320388349486,1776,17.24271844660194,313,3.0388349514563107,22,22,2,24
T008_007,T008_007,482,835.1419999999995,1.7326597510373434,6247,12.96058091286307,1117,2.3174273858921164,100,65,11,77
T008_008,T008_008,454,701.445999999999,1.5450352422907467,6013,13.244493392070485,1033,2.2753303964757707,60,170,23,113
T008_009,T008_009,382,468.5710000000007,1.2266256544502636,4515,11.819371727748692,731,1.9136125654450262,14,91,15,77
T008_010,T008_010,390,791.3170000000005,2.02901794871795,5617,14.402564102564103,1037,2.658974358974359,48,60,26,92
T008_011,T008_011,466,742.8960000000006,1.5941974248927053,5698,12.227467811158798,958,2.055793991416309,48,31,14,114
T008_012,T008_012,156,150.88899999999967,0.9672371794871774,1019,6.532051282051282,136,0.8717948717948718,11,3,1,33
T008_013,T008_013,900,1415.5489999999995,1.5728322222222217,9337,10.374444444444444,1468,1.6311111111111112,55,168,34,252
T009_000,T009_000,4028,5743.880999999997,1.4259883316782513,45688,11.342601787487586,7041,1.7480139026812314,228,711,164,732
T009_001,T009_001,1097,1676.5829999999983,1.5283345487693694,11393,10.38559708295351,2030,1.8505013673655424,214,385,11,354
T009_002,T009_002,954,1310.6100000000004,1.3738050314465413,10944,11.471698113207546,1786,1.8721174004192873,93,70,35,148
T009_003,T009_003,660,723.6920000000015,1.0965030303030325,6014,9.112121212121211,905,1.371212121212121,12,10,11,73
T009_004,T009_004,313,414.9730000000008,1.3257923322683731,3069,9.805111821086262,494,1.5782747603833867,32,10,24,43
T009_005,T009_005,170,250.95199999999937,1.476188235294114,2366,13.91764705882353,408,2.4,27,26,11,34
T009_006,T009_006,397,519.7150000000008,1.3091057934508836,4571,11.513853904282115,873,2.198992443324937,32,93,13,98
T009_007,T009_007,240,389.34499999999946,1.622270833333331,2817,11.7375,450,1.875,13,86,24,52
T009_008,T009_008,224,422.65400000000034,1.8868482142857157,3586,16.008928571428573,640,2.857142857142857,8,54,15,53
T009_009,T009_009,168,207.32800000000006,1.2340952380952384,1524,9.071428571428571,243,1.4464285714285714,5,15,1,31
T009_010,T009_010,445,954.582,2.1451280898876406,7547,16.95955056179775,1344,3.020224719101124,51,277,17,132
T009_011,T009_011,233,322.7190000000004,1.3850600858369115,2178,9.34763948497854,315,1.351931330472103,18,30,7,49
T009_012,T009_012,173,348.246,2.0129826589595377,2662,15.38728323699422,483,2.791907514450867,5,4,13,38
T009_013,T009_013,215,197.54299999999955,0.9188046511627886,1247,5.8,138,0.641860465116279,4,5,10,39
T009_014,T009_014,254,356.3649999999984,1.4030118110236158,2849,11.216535433070867,452,1.779527559055118,19,40,9,61
T009_015,T009_015,505,548.9479999999996,1.0870257425742567,4656,9.219801980198019,633,1.2534653465346535,19,17,15,58
T009_016,T009_016,213,400.4330000000012,1.8799671361502404,2868,13.464788732394366,458,2.1502347417840375,5,61,8,31
T009_017,T009_017,433,475.4000000000014,1.0979214780600495,4147,9.577367205542725,675,1.5588914549653579,39,169,1,104
T009_018,T009_018,259,342.3980000000001,1.3220000000000003,2978,11.498069498069498,519,2.003861003861004,28,25,4,36
T009_021,T009_021,156,215.57700000000045,1.381903846153849,1344,8.615384615384615,200,1.2820512820512822,39,24,1,39
T009_022,T009_022,150,221.7899999999993,1.4785999999999955,1098,7.32,162,1.08,16,26,0,30
T009_023,T009_023,557,483.7599999999969,0.8685098743267449,3640,6.5350089766606825,477,0.8563734290843806,28,7,26,86
T009_024,T009_024,410,757.8829999999994,1.848495121951218,6037,14.72439024390244,1058,2.580487804878049,36,104,13,168
T010_000,T010_000,3854,6416.181000000007,1.664810845874418,59757,15.505189413596264,11096,2.8790866632070578,455,733,90,743
T010_001,T010_001,1163,1907.2839999999953,1.639969045571793,16869,14.504729148753224,3190,2.7429062768701633,171,265,53,254
T010_002,T010_002,629,1139.2159999999965,1.8111542130365603,10795,17.16216216216216,1976,3.1414944356120826,125,141,16,73
T010_003,T010_003,315,421.18500000000347,1.3370952380952492,3754,11.917460317460318,761,2.4158730158730157,33,52,1,26
T010_004,T010_004,561,819.6560000000034,1.4610623885918064,7277,12.971479500891265,1490,2.655971479500891,60,255,3,99
T010_005,T010_005,796,756.0930000000016,0.9498655778894491,7673,9.639447236180905,1230,1.5452261306532664,84,64,0,147
T010_006,T010_006,105,123.56200000000032,1.1767809523809554,898,8.552380952380952,129,1.2285714285714286,6,3,5,2
T010_007,T010_007,202,284.3809999999994,1.4078267326732643,2511,12.430693069306932,417,2.0643564356435644,19,42,34,33
T010_008,T010_008,302,553.578,1.8330397350993377,4369,14.466887417218542,798,2.642384105960265,40,38,6,72
T010_009,T010_009,754,1263.8670000000027,1.6762161803713564,11307,14.996021220159152,2183,2.8952254641909816,39,214,23,168
T011_000,T011_000,3430,5273.746999999996,1.5375355685131182,43779,12.763556851311954,7543,2.1991253644314868,257,272,292,547
T011_001,T011_001,1576,1903.9080000000013,1.2080634517766506,16443,10.433375634517766,2433,1.5437817258883249,86,61,93,187
T011_002,T011_002,837,793.9779999999992,0.9485997610513729,7314,8.738351254480287,1151,1.3751493428912784,65,12,62,70
T011_003,T011_003,1165,1266.9420000000018,1.0875038626609457,10733,9.212875536480686,1681,1.4429184549356222,52,98,50,81
T011_004,T011_004,660,889.1419999999994,1.3471848484848474,5823,8.822727272727272,883,1.337878787878788,16,88,19,90
T011_005,T011_005,419,541.6679999999963,1.292763723150349,2914,6.954653937947494,415,0.9904534606205251,14,11,0,48
T011_006,T011_006,256,415.4569999999991,1.6228789062499964,2576,10.0625,390,1.5234375,24,0,11,58
T011_007,T011_007,150,184.55699999999894,1.230379999999993,1239,8.26,208,1.3866666666666667,19,4,15,28
T011_008,T011_008,43,75.50200000000004,1.75586046511628,573,13.325581395348838,102,2.372093023255814,7,17,1,11
T011_009,T011_009,76,60.049000000000206,0.7901184210526343,305,4.0131578947368425,38,0.5,1,1,2,4
T011_014,T011_014,418,619.7219999999979,1.4825885167464066,4131,9.882775119617225,652,1.5598086124401913,30,15,41,85
T011_015,T011_015,415,587.1180000000058,1.4147421686747128,3561,8.580722891566266,552,1.3301204819277108,55,27,9,98
T011_016,T011_016,497,698.7849999999956,1.406006036217295,4361,8.774647887323944,583,1.1730382293762576,45,28,34,101
T011_017,T011_017,632,718.0709999999989,1.1361882911392387,5681,8.988924050632912,800,1.2658227848101267,31,28,33,94
T011_018,T011_018,99,101.56400000000015,1.0258989898989914,880,8.88888888888889,132,1.3333333333333333,11,10,4,13
T011_019,T011_019,129,142.251,1.1027209302325582,1089,8.44186046511628,147,1.1395348837209303,13,13,7,23
T013_000,T013_000,4447,6086.441000000001,1.3686622442095797,53258,11.976163705869125,9889,2.2237463458511355,1142,626,100,861
T013_001,T013_001,787,1043.7749999999992,1.3262706480304944,7225,9.180432020330368,1172,1.4891994917407878,91,62,34,121
T013_002,T013_002,1138,1801.1530000000037,1.5827355008787378,10765,9.459578207381371,2114,1.8576449912126538,95,217,10,232
T013_003,T013_003,1415,2128.8039999999987,1.5044551236749109,16395,11.586572438162545,2897,2.0473498233215546,240,212,13,333
T013_004,T013_004,846,1052.4630000000006,1.244046099290781,5866,6.933806146572104,888,1.049645390070922,44,126,1,143
T013_005,T013_005,66,73.1429999999998,1.1082272727272697,486,7.363636363636363,69,1.0454545454545454,6,2,0,10
T013_006,T013_006,29,20.850999999999964,0.7189999999999988,172,5.931034482758621,17,0.5862068965517241,4,3,1,2
T013_007,T013_007,35,32.80799999999997,0.9373714285714277,310,8.857142857142858,37,1.0571428571428572,0,0,0,6
T013_008,T013_008,77,115.94600000000003,1.5057922077922081,836,10.857142857142858,132,1.7142857142857142,27,0,2,14
T013_009,T013_009,96,123.75699999999992,1.2891354166666658,866,9.020833333333334,143,1.4895833333333333,16,5,3,24
T013_010,T013_010,73,71.9579999999999,0.9857260273972589,384,5.260273972602739,64,0.8767123287671232,11,0,2,7
T013_014,T013_014,58,105.77499999999985,1.8237068965517216,676,11.655172413793103,127,2.189655172413793,21,3,2,5
T013_015,T013_015,264,577.5220000000002,2.187583333333334,4135,15.662878787878787,791,2.996212121212121,74,196,24,99
T013_017,T013_017,339,500.86699999999894,1.4774837758112063,4279,12.622418879056047,777,2.2920353982300883,48,83,6,76
T013_018,T013_018,126,174.15300000000005,1.382166666666667,1238,9.825396825396826,201,1.5952380952380953,21,7,0,18
T013_019,T013_019,544,612.4320000000005,1.1257941176470596,4939,9.079044117647058,780,1.4338235294117647,37,54,5,72
T013_022,T013_022,153,258.16900000000044,1.6873790849673231,1955,12.777777777777779,400,2.6143790849673203,41,36,40,26
T013_023,T013_023,280,494.6909999999983,1.7667535714285654,4500,16.071428571428573,717,2.5607142857142855,47,83,2,80
T014_000,T014_000,3818,8178.328000000004,2.1420450497642753,57516,15.064431639601885,10826,2.8355159769512834,367,641,172,1008
T014_001,T014_001,391,713.4549999999992,1.8246930946291542,5138,13.140664961636828,807,2.0639386189258313,75,36,4,47
T014_002,T014_002,480,673.8260000000004,1.4038041666666674,4908,10.225,855,1.78125,65,15,5,82
T014_003,T014_003,425,759.1040000000007,1.7861270588235312,4697,11.051764705882354,782,1.84,37,68,8,97
T014_004,T014_004,274,358.6940000000004,1.3091021897810233,2528,9.226277372262773,453,1.6532846715328466,26,5,12,47
T014_005,T014_005,270,587.8350000000003,2.177166666666668,3826,14.170370370370371,789,2.922222222222222,33,35,12,44
T014_006,T014_006,616,1182.9019999999991,1.9202954545454531,7411,12.030844155844155,1482,2.405844155844156,47,180,26,167
T014_007,T014_007,308,767.2920000000004,2.4912077922077933,4573,14.847402597402597,797,2.5876623376623376,28,58,2,124
T014_008,T014_008,400,562.1209999999992,1.405302499999998,4431,11.0775,732,1.83,30,32,0,62
T014_010,T014_010,1006,1792.0350000000096,1.7813469184890751,13530,13.449304174950298,2190,2.176938369781312,60,90,0,142
T015_000,T015_000,3838,5549.406000000006,1.4459108910891105,46113,12.014851485148515,8076,2.1042209484106307,404,897,168,949
T015_001,T015_001,720,988.6560000000011,1.3731333333333349,8154,11.325,1453,2.0180555555555557,119,64,16,185
T015_002,T015_002,365,425.1250000000003,1.164726027397261,2995,8.205479452054794,437,1.1972602739726028,13,23,15,63
T015_003,T015_003,403,470.20599999999916,1.1667642679900723,3413,8.468982630272953,548,1.3598014888337469,27,12,6,62
T015_004,T015_004,454,644.4019999999921,1.4193876651982205,4625,10.187224669603523,724,1.5947136563876652,65,41,7,59
T015_005,T015_005,575,1131.0220000000022,1.9669947826086995,8506,14.79304347826087,1408,2.448695652173913,110,178,1,146
T015_006,T015_006,244,583.9790000000004,2.3933565573770506,4626,18.959016393442624,866,3.5491803278688523,43,120,16,100
T015_007,T015_007,629,807.5759999999956,1.2839046104928389,6539,10.395866454689983,1221,1.9411764705882353,106,140,5,71
T015_008,T015_008,176,216.04900000000004,1.2275511363636367,1647,9.357954545454545,249,1.4147727272727273,7,5,2,26
T015_010,T015_010,217,268.3009999999987,1.236410138248842,2026,9.336405529953916,440,2.0276497695852536,31,27,1,29
T015_011,T015_011,19,27.834000000000003,1.4649473684210528,179,9.421052631578947,27,1.4210526315789473,0,7,3,6
T015_012,T015_012,175,255.2830000000003,1.4587600000000016,2269,12.965714285714286,413,2.36,22,61,7,41
T015_013,T015_013,558,840.3300000000015,1.5059677419354867,6350,11.379928315412187,1074,1.924731182795699,60,57,49,118
T015_018,T015_018,316,523.0310000000006,1.6551613924050652,4352,13.772151898734178,694,2.1962025316455698,36,102,6,100
T015_019,T015_019,224,577.463,2.5779598214285713,4108,18.339285714285715,734,3.2767857142857144,51,83,35,66
T015_020,T015_020,336,345.62499999999795,1.0286458333333273,2598,7.732142857142857,389,1.1577380952380953,9,70,4,66
T015_021,T015_021,551,714.5189999999977,1.2967676950998144,5437,9.867513611615244,850,1.5426497277676952,41,33,19,58
T015_028,T015_028,165,315.29700000000014,1.9108909090909099,2464,14.933333333333334,456,2.7636363636363637,20,76,21,26
T015_029,T015_029,175,173.63300000000044,0.992188571428574,1396,7.977142857142857,212,1.2114285714285715,15,2,11,27
T015_030,T015_030,13,11.608999999999924,0.8929999999999941,60,4.615384615384615,6,0.46153846153846156,2,0,2,0
T015_031,T015_031,84,111.08000000000007,1.322380952380953,1028,12.238095238095237,166,1.9761904761904763,7,24,10,10
T015_033,T015_033,30,36.62400000000048,1.2208000000000159,280,9.333333333333334,36,1.2,2,0,0,5
T015_039,T015_039,148,167.14299999999983,1.1293445945945935,1679,11.344594594594595,265,1.7905405405405406,12,1,0,25
T015_040,T015_040,161,201.86899999999957,1.2538447204968917,1983,12.316770186335404,389,2.4161490683229814,36,14,5,31
T015_041,T015_041,122,158.3369999999989,1.297844262295073,1228,10.065573770491802,164,1.3442622950819672,9,0,16,10
T015_042,T015_042,164,249.28299999999876,1.5200182926829193,1869,11.396341463414634,292,1.7804878048780488,13,2,6,28
T015_043,T015_043,285,512.3879999999988,1.7978526315789432,3836,13.459649122807017,667,2.3403508771929826,41,42,22,56
T015_044,T015_044,371,590.0009999999986,1.5902991913746594,4464,12.032345013477089,664,1.789757412398922,62,75,33,55
T016_000,T016_000,2861,3044.1940000000004,1.0640314575323315,21842,7.634393568682279,3541,1.2376791331702202,180,397,44,379
T016_001,T016_001,2686,3896.1370000000006,1.450534996276992,31065,11.565524944154877,5133,1.9110201042442294,172,581,177,484
T016_002,T016_002,868,1337.5619999999994,1.5409700460829487,10284,11.847926267281107,1662,1.9147465437788018,159,269,12,237
T016_003,T016_003,424,575.8899999999996,1.358231132075471,3252,7.669811320754717,377,0.8891509433962265,58,27,15,70
T016_004,T016_004,909,975.6080000000003,1.0732761276127616,7602,8.363036303630363,1193,1.3124312431243124,91,106,55,101
T017_000,T017_000,2954,4705.361000000003,1.5928777928232913,35934,12.164522681110359,6543,2.2149627623561274,359,644,103,845
T017_002,T017_002,520,627.300999999999,1.206348076923075,5358,10.303846153846154,954,1.8346153846153845,51,17,23,81
T017_004,T017_004,613,1067.0210000000022,1.740654159869498,6905,11.264274061990212,1251,2.040783034257749,111,47,16,128
T017_005,T017_005,612,859.5630000000014,1.404514705882355,6724,10.986928104575163,1082,1.7679738562091503,71,113,11,143
T017_006,T017_006,883,1539.5869999999989,1.74358663646659,11663,13.208380520951302,2174,2.4620611551528877,62,131,24,381
T017_008,T017_008,248,505.88500000000056,2.0398588709677443,4255,17.157258064516128,867,3.495967741935484,55,62,5,62
T017_009,T017_009,319,573.0040000000001,1.79625078369906,4335,13.589341692789969,879,2.7554858934169277,97,87,29,106
T017_012,T017_012,524,1616.3519999999992,3.0846412213740444,12548,23.946564885496183,2584,4.931297709923665,61,89,6,233
T017_013,T017_013,314,335.9579999999999,1.0699299363057322,2988,9.51592356687898,506,1.6114649681528663,69,28,6,57
T017_016,T017_016,393,697.404,1.7745648854961833,5272,13.414758269720101,872,2.21882951653944,37,40,32,72
T017_018,T017_018,297,420.0390000000002,1.414272727272728,3153,10.616161616161616,526,1.771043771043771,26,10,11,114
T018_000,T018_000,2106,3765.492000000003,1.7879829059829073,33018,15.678062678062679,5806,2.7568850902184234,424,325,64,603
T018_001,T018_001,1948,2169.868999999996,1.1138957905544127,18606,9.551334702258726,3141,1.6124229979466118,240,617,19,389
T018_002,T018_002,982,1556.3490000000008,1.584876782077394,12357,12.583503054989817,2193,2.2331975560081467,132,61,34,260
T018_003,T018_003,406,1072.4299999999998,2.641453201970443,8410,20.714285714285715,1395,3.435960591133005,84,412,3,235
T018_004,T018_004,445,654.5669999999998,1.4709370786516849,4745,10.662921348314606,870,1.9550561797752808,73,45,20,88
T018_010,T018_010,477,1012.6890000000016,2.12303773584906,7908,16.57861635220126,1438,3.0146750524109014,34,215,9,97
T018_011,T018_011,360,728.352999999999,2.023202777777775,4408,12.244444444444444,831,2.308333333333333,74,72,3,110
T018_012,T018_012,423,595.1990000000001,1.4070898345153666,3412,8.066193853427896,523,1.2364066193853427,15,2,6,92
T018_013,T018_013,252,197.51,0.7837698412698413,1752,6.9523809523809526,199,0.7896825396825397,10,12,6,53
T018_014,T018_014,299,395.51599999999996,1.3227959866220735,3147,10.525083612040135,593,1.9832775919732442,198,58,6,77
T019_000,T019_000,2508,3492.1259999999957,1.3923947368421035,29257,11.665470494417862,4678,1.865231259968102,244,167,198,329
T019_001,T019_001,1263,1725.111,1.3658836104513066,11203,8.8701504354711,1509,1.1947743467933492,83,51,120,135
T019_002,T019_002,1292,1827.0009999999932,1.4140874613003043,11324,8.764705882352942,1627,1.2592879256965945,81,91,45,175
T019_003,T019_003,763,916.8170000000044,1.2015950196592458,6744,8.838794233289645,972,1.2739187418086502,62,179,30,143
T019_005,T019_005,50,61.64199999999984,1.2328399999999968,387,7.74,55,1.1,3,0,7,5
T019_008,T019_008,73,74.65400000000017,1.0226575342465776,426,5.835616438356165,59,0.8082191780821918,2,0,4,7
T019_009,T019_009,58,50.488000000000035,0.8704827586206902,387,6.672413793103448,54,0.9310344827586207,5,6,2,8
T019_010,T019_010,456,1009.3080000000012,2.213394736842108,7525,16.50219298245614,1377,3.0197368421052633,77,414,69,184
T019_011,T019_011,304,418.3340000000004,1.3760986842105276,2846,9.361842105263158,419,1.3782894736842106,39,16,0,66
T019_012,T019_012,133,168.15899999999957,1.2643533834586433,767,5.7669172932330826,108,0.8120300751879699,9,8,1,13
T019_013,T019_013,54,49.06400000000055,0.9085925925926027,235,4.351851851851852,29,0.5370370370370371,1,0,0,2
T019_014,T019_014,171,240.36000000000038,1.4056140350877215,1495,8.742690058479532,204,1.1929824561403508,7,0,0,26
T020_000,T020_000,4349,6051.056000000002,1.3913672108530701,52410,12.05104621752127,8662,1.9917222349965509,312,436,226,896
T020_001,T020_001,307,419.7489999999994,1.3672605863192162,2512,8.182410423452769,345,1.1237785016286646,20,4,44,35
T020_002,T020_002,94,128.6269999999998,1.36837234042553,887,9.436170212765957,141,1.5,13,3,14,12
T020_003,T020_003,163,179.5429999999999,1.1014907975460115,1209,7.41717791411043,184,1.1288343558282208,2,0,10,14
T020_004,T020_004,636,1112.1570000000022,1.7486745283018903,9114,14.330188679245284,1504,2.3647798742138364,49,77,15,112
T020_005,T020_005,129,118.8089999999998,0.9209999999999985,624,4.837209302325581,76,0.5891472868217055,2,6,2,13
T020_006,T020_006,117,231.7170000000001,1.9804871794871803,1668,14.256410256410257,302,2.5811965811965814,17,21,3,27
T020_007,T020_007,64,103.51099999999988,1.6173593749999982,882,13.78125,184,2.875,12,4,4,16
T020_009,T020_009,59,87.20399999999972,1.47803389830508,612,10.372881355932204,91,1.5423728813559323,3,6,1,6
T020_010,T020_010,231,288.95200000000034,1.2508744588744602,1666,7.212121212121212,187,0.8095238095238095,3,12,8,20
T020_011,T020_011,758,1042.9070000000002,1.3758667546174144,7938,10.472295514511874,1372,1.8100263852242744,60,108,31,172
T020_014,T020_014,341,1039.605,3.0486950146627567,6749,19.791788856304986,1231,3.6099706744868034,64,189,14,104
T020_018,T020_018,141,279.10600000000005,1.9794751773049648,1687,11.964539007092199,279,1.9787234042553192,12,67,32,32
T020_019,T020_019,62,107.35099999999963,1.7314677419354778,523,8.435483870967742,104,1.6774193548387097,5,10,4,5
T020_020,T020_020,488,754.4709999999988,1.5460471311475383,4450,9.118852459016393,602,1.2336065573770492,34,9,0,115
T020_022,T020_022,501,1096.8109999999997,2.189243512974051,7954,15.87624750499002,1413,2.820359281437126,68,190,2,152
T020_032,T020_032,277,650.6540000000009,2.3489314079422416,4523,16.32851985559567,785,2.8339350180505414,57,90,27,75
T020_033,T020_033,231,448.2179999999961,1.9403376623376454,3095,13.398268398268398,513,2.220779220779221,27,11,7,47
T021_000,T021_000,4160,8150.508000000001,1.959256730769231,52292,12.570192307692308,8801,2.115625,501,758,202,1135
T021_001,T021_001,347,597.9950000000013,1.7233285302593697,4198,12.097982708933717,777,2.239193083573487,33,23,11,74
T021_002,T021_002,493,438.9759999999981,0.8904178498985763,2335,4.73630831643002,300,0.6085192697768763,35,19,18,41
T021_003,T021_003,280,453.55799999999994,1.6198499999999998,3518,12.564285714285715,667,2.382142857142857,29,19,4,70
T021_004,T021_004,685,982.9409999999979,1.4349503649635005,5624,8.21021897810219,1012,1.4773722627737227,42,84,19,152
T021_005,T021_005,275,636.8359999999994,2.3157672727272707,4584,16.669090909090908,908,3.3018181818181818,62,10,7,122
T021_006,T021_006,171,202.15600000000097,1.1821988304093625,1476,8.631578947368421,237,1.3859649122807018,11,8,2,25
T021_007,T021_007,653,1631.380999999999,2.498286370597242,12684,19.424196018376723,2586,3.9601837672281777,174,112,32,305
T021_008,T021_008,140,187.50100000000026,1.339292857142859,1168,8.342857142857143,212,1.5142857142857142,27,0,13,43
T021_009,T021_009,200,301.99399999999974,1.5099699999999987,2171,10.855,314,1.57,10,3,15,32
T021_011,T021_011,123,222.47600000000006,1.8087479674796751,1025,8.333333333333334,169,1.3739837398373984,10,4,2,29
T021_012,T021_012,63,66.18899999999994,1.0506190476190467,450,7.142857142857143,80,1.2698412698412698,13,3,1,10
T021_013,T021_013,362,417.77200000000107,1.1540662983425445,2918,8.060773480662984,440,1.2154696132596685,43,24,7,69
T021_014,T021_014,356,528.3959999999995,1.4842584269662908,4335,12.176966292134832,769,2.1601123595505616,59,90,3,114
T022_000,T022_000,2485,4191.932999999998,1.6868945674044258,29974,12.061971830985916,4989,2.007645875251509,194,462,140,438
T022_001,T022_001,713,1027.9679999999987,1.4417503506311342,7041,9.875175315568022,1068,1.4978962131837308,39,22,31,73
T022_002,T022_002,98,135.6699999999999,1.3843877551020398,739,7.540816326530612,80,0.8163265306122449,0,0,4,14
T022_005,T022_005,695,756.4510000000005,1.088418705035972,6122,8.808633093525179,1082,1.5568345323741006,45,94,37,50
T022_006,T022_006,456,725.3300000000006,1.590635964912282,6616,14.508771929824562,1046,2.293859649122807,47,46,12,79
T022_007,T022_007,159,115.74199999999962,0.7279371069182367,551,3.4654088050314464,63,0.39622641509433965,2,0,0,3
T022_008,T022_008,114,137.30599999999916,1.2044385964912208,1217,10.675438596491228,193,1.6929824561403508,12,10,2,9
T022_009,T022_009,149,314.5319999999995,2.110953020134225,1205,8.087248322147651,185,1.2416107382550337,9,2,16,23
T022_011,T022_011,471,760.1010000000005,1.6138025477707016,6369,13.522292993630574,1203,2.554140127388535,89,106,20,79
T022_012,T022_012,325,692.2399999999994,2.129969230769229,4568,14.055384615384616,848,2.609230769230769,50,9,2,79
T023_000,T023_000,3173,4758.355999999998,1.4996394579262522,36548,11.518436810589348,6240,1.9665931295304129,437,665,113,617
T023_001,T023_001,2606,4517.239000000001,1.7333994627782048,28101,10.7831926323868,5338,2.0483499616270144,356,902,102,586
T023_002,T023_002,566,869.086,1.535487632508834,6302,11.134275618374557,1051,1.8568904593639577,69,72,24,140
T023_003,T023_003,255,430.6660000000013,1.688886274509809,2762,10.831372549019608,444,1.7411764705882353,23,19,4,60
T023_005,T023_005,412,485.44500000000323,1.178264563106804,3315,8.04611650485437,574,1.3932038834951457,84,34,11,49
T023_006,T023_006,594,880.4200000000001,1.4821885521885523,7753,13.052188552188552,1196,2.0134680134680134,86,100,11,132
T023_007,T023_007,349,489.570000000003,1.4027793696275157,1827,5.234957020057307,379,1.0859598853868195,31,6,0,30
T023_008,T023_008,238,466.9539999999977,1.9619915966386456,1515,6.3655462184873945,216,0.907563025210084,7,8,3,24
T023_009,T023_009,240,1046.1410000000024,4.358920833333343,6400,26.666666666666668,1244,5.183333333333334,140,276,1,196
T023_010,T023_010,372,868.492,2.3346559139784944,3689,9.916666666666666,538,1.446236559139785,32,129,7,104
T023_011,T023_011,360,823.2350000000004,2.2867638888888897,6074,16.872222222222224,1064,2.9555555555555557,90,115,1,76
T023_012,T023_012,377,725.6649999999996,1.924840848806365,4878,12.938992042440319,925,2.453580901856764,79,209,3,88
T023_013,T023_013,327,441.7410000000003,1.3508899082568817,2849,8.712538226299694,503,1.5382262996941896,42,46,8,74
T023_014,T023_014,131,144.89399999999947,1.106061068702286,1198,9.145038167938932,180,1.3740458015267176,13,14,0,18
T023_015,T023_015,216,403.98099999999977,1.8702824074074063,3676,17.01851851851852,667,3.087962962962963,105,117,3,64
T023_016,T023_016,146,190.7989999999998,1.3068424657534234,1477,10.116438356164384,222,1.5205479452054795,27,6,3,31
T023_017,T023_017,83,79.21700000000027,0.9544216867469912,463,5.578313253012048,74,0.891566265060241,18,0,3,10
T023_018,T023_018,301,473.4639999999991,1.5729700996677711,3677,12.215946843853821,623,2.0697674418604652,46,44,18,45
T023_020,T023_020,272,359.37699999999927,1.3212389705882326,3147,11.569852941176471,455,1.6727941176470589,18,44,21,53
T023_022,T023_022,369,463.3029999999998,1.255563685636856,3706,10.043360433604336,571,1.5474254742547426,29,125,7,85
T024_000,T024_000,1775,2065.5180000000037,1.1636721126760583,15359,8.652957746478874,2351,1.3245070422535212,201,120,62,252
T024_001,T024_001,1031,2262.8620000000037,2.194822502424834,13991,13.570320077594568,2544,2.4675072744907856,173,153,46,314
T024_002,T024_002,2184,2999.2579999999966,1.3732866300366284,21164,9.69047619047619,3633,1.6634615384615385,202,341,193,389
T024_003,T024_003,512,908.6480000000008,1.7747031250000016,7401,14.455078125,1253,2.447265625,24,71,62,87
T024_005,T024_005,263,235.15199999999868,0.8941140684410597,1977,7.517110266159696,276,1.049429657794677,15,7,24,11
T024_006,T024_006,42,53.87500000000004,1.2827380952380962,233,5.5476190476190474,30,0.7142857142857143,6,0,0,6
T024_007,T024_007,205,294.71900000000034,1.437653658536587,1692,8.253658536585366,281,1.3707317073170733,21,14,7,33
T024_008,T024_008,707,1161.4120000000012,1.6427326732673284,9203,13.016973125884016,1577,2.2305516265912306,166,340,20,242
T024_009,T024_009,233,374.99600000000015,1.6094248927038632,2629,11.283261802575108,365,1.5665236051502145,28,32,27,30
T024_010,T024_010,165,155.01500000000067,0.9394848484848526,1214,7.357575757575757,187,1.1333333333333333,11,8,3,24
T024_011,T024_011,51,131.85999999999973,2.585490196078426,963,18.88235294117647,182,3.5686274509803924,10,25,13,7
T024_012,T024_012,527,1087.5360000000019,2.063635673624292,8917,16.920303605313094,1509,2.8633776091081593,59,724,70,266
T024_014,T024_014,41,41.03899999999969,1.0009512195121875,293,7.146341463414634,40,0.975609756097561,4,2,0,2
T024_015,T024_015,246,226.83800000000156,0.9221056910569169,1586,6.4471544715447155,207,0.8414634146341463,36,30,20,24
T024_016,T024_016,283,347.1379999999982,1.2266360424028206,2869,10.137809187279151,458,1.6183745583038869,40,34,5,53
T024_017,T024_017,346,536.0609999999982,1.549309248554908,5052,14.601156069364162,929,2.684971098265896,36,205,8,131
W001_001,W001_001,881,1494.3789999999976,1.6962304199772957,10558,11.98410896708286,1729,1.9625425652667423,112,243,39,208
W001_002,W001_002,16,63.13200000000027,3.9457500000000167,287,17.9375,34,2.125,10,10,0,5
W001_003,W001_003,77,144.3630000000004,1.874844155844161,1037,13.467532467532468,191,2.4805194805194803,20,32,1,18
W001_004,W001_004,105,242.35700000000014,2.308161904761906,2033,19.36190476190476,371,3.533333333333333,70,67,4,31
W001_005,W001_005,1187,3011.922999999996,2.5374245998315046,21808,18.372367312552655,3728,3.140690817186184,180,1405,101,342
W001_007,W001_007,64,169.01000000000002,2.6407812500000003,1384,21.625,241,3.765625,14,26,1,15
W001_009,W001_009,31,61.676999999999964,1.9895806451612892,382,12.32258064516129,78,2.5161290322580645,11,8,2,3
W001_010,W001_010,426,804.2300000000005,1.8878638497652593,5422,12.727699530516432,906,2.1267605633802815,59,289,28,59
W001_011,W001_011,8,27.847999999999956,3.4809999999999945,240,30.0,46,5.75,1,12,0,5
W001_013,W001_013,7,26.647999999999996,3.8068571428571425,240,34.285714285714285,33,4.714285714285714,0,25,0,2
W001_014,W001_014,19,27.445999999999856,1.444526315789466,240,12.631578947368421,35,1.8421052631578947,3,13,1,8
W001_015,W001_015,107,166.43699999999984,1.5554859813084096,1236,11.551401869158878,202,1.8878504672897196,9,25,0,13
W001_016,W001_016,416,1282.412,3.082721153846154,9124,21.932692307692307,1429,3.4350961538461537,128,394,40,270
W001_017,W001_017,278,752.6340000000044,2.707316546762606,5055,18.18345323741007,879,3.161870503597122,64,450,15,151
W001_019,W001_019,1,0.7920000000000016,0.7920000000000016,2,2.0,0,0.0,0,0,0,0
W002_001,W002_001,286,401.78399999999874,1.4048391608391564,2848,9.958041958041958,479,1.6748251748251748,30,16,8,56
W002_002,W002_002,170,224.19600000000034,1.318800000000002,1663,9.782352941176471,276,1.6235294117647059,13,9,8,28
W002_003,W002_003,97,131.86600000000072,1.3594432989690797,479,4.938144329896907,52,0.5360824742268041,10,2,0,6
W002_004,W002_004,128,169.96199999999973,1.327828124999998,1061,8.2890625,138,1.078125,10,33,2,15
W002_005,W002_005,104,150.59300000000164,1.4480096153846311,891,8.567307692307692,156,1.5,24,25,8,14
W002_006,W002_006,285,542.1859999999992,1.902407017543857,4670,16.385964912280702,886,3.1087719298245613,63,96,17,60
W002_007,W002_007,28,38.67400000000035,1.3812142857142982,227,8.107142857142858,42,1.5,2,6,1,2
W002_008,W002_008,138,271.6160000000001,1.9682318840579718,2425,17.57246376811594,461,3.3405797101449277,39,16,6,23
W002_009,W002_009,90,102.96800000000013,1.1440888888888903,711,7.9,89,0.9888888888888889,3,0,0,9
W002_010,W002_010,43,80.89799999999957,1.8813488372092924,634,14.744186046511627,126,2.9302325581395348,2,9,2,9
W002_011,W002_011,196,356.2689999999998,1.8176989795918357,3035,15.48469387755102,563,2.872448979591837,31,118,14,51
W002_012,W002_012,32,29.269000000000744,0.9146562500000233,190,5.9375,25,0.78125,3,0,1,4
W002_013,W002_013,48,55.3119999999994,1.1523333333333208,411,8.5625,73,1.5208333333333333,0,8,2,5
W002_014,W002_014,12,12.407000000000153,1.0339166666666795,66,5.5,10,0.8333333333333334,0,0,0,1
W003_001,W003_001,214,517.4769999999999,2.418116822429906,4252,19.869158878504674,778,3.635514018691589,29,144,6,72
W003_002,W003_002,91,100.46700000000006,1.1040329670329676,660,7.252747252747253,77,0.8461538461538461,2,9,0,5
W003_003,W003_003,46,53.01399999999995,1.1524782608695643,363,7.891304347826087,46,1.0,1,1,2,1
W004_001,W004_001,2200,3758.951000000001,1.7086140909090914,33144,15.065454545454546,6550,2.977272727272727,400,758,121,684
W004_002,W004_002,439,733.1459999999992,1.6700364464692463,3078,7.011389521640091,520,1.184510250569476,25,15,16,66
W004_003,W004_003,551,722.4740000000005,1.3112050816696923,4566,8.286751361161524,709,1.2867513611615244,51,28,15,91
W004_004,W004_004,412,683.9380000000004,1.6600436893203894,3061,7.429611650485437,575,1.395631067961165,10,25,14,42
W004_005,W004_005,581,724.431,1.2468691910499141,3698,6.364888123924269,607,1.044750430292599,27,9,14,70
W004_006,W004_006,607,790.4030000000006,1.302146622734762,4387,7.227347611202636,696,1.1466227347611202,49,63,11,99
W005_001,W005_001,1005,3335.409000000002,3.318814925373136,26757,26.623880597014924,5079,5.053731343283582,96,447,3,648
W005_002,W005_002,140,165.70800000000347,1.1836285714285961,746,5.328571428571428,101,0.7214285714285714,10,2,0,17
W005_003,W005_003,389,626.3000000000003,1.6100257069408748,3496,8.987146529562983,569,1.4627249357326477,58,22,6,59
W005_004,W005_004,132,161.77499999999773,1.2255681818181647,793,6.007575757575758,86,0.6515151515151515,22,0,3,12
W005_005,W005_005,326,386.88999999999737,1.1867791411042865,2091,6.414110429447852,287,0.8803680981595092,8,2,10,26
W005_006,W005_006,246,289.46800000000434,1.1766991869918875,1773,7.2073170731707314,240,0.975609756097561,23,0,7,8
W005_007,W005_007,71,81.81099999999964,1.1522676056337977,531,7.47887323943662,73,1.028169014084507,8,3,2,3
W005_008,W005_008,149,140.7239999999965,0.9444563758389026,741,4.973154362416107,90,0.6040268456375839,6,0,2,4
W005_009,W005_009,246,213.07999999999805,0.8661788617886099,1161,4.719512195121951,128,0.5203252032520326,5,7,3,7
W006_001,W006_001,836,1067.2499999999918,1.2766148325358753,8443,10.099282296650717,1589,1.9007177033492824,104,60,19,124
W006_004,W006_004,762,1042.5590000000038,1.3681876640419999,8180,10.73490813648294,1533,2.0118110236220472,53,15,34,104
W007_003,W007_003,900,1632.7289999999994,1.8141433333333326,11997,13.33,1995,2.216666666666667,146,117,47,273
W007_004,W007_004,924,1579.4210000000046,1.7093300865800916,11192,12.112554112554113,1957,2.117965367965368,215,472,138,291
W007_005,W007_005,1073,1763.6390000000006,1.643652376514446,12885,12.00838769804287,2208,2.0577819198508855,198,633,171,324
W007_006,W007_006,139,177.59199999999916,1.2776402877697781,1027,7.388489208633094,147,1.0575539568345325,6,13,5,30
W007_007,W007_007,1154,1832.427000000001,1.5878916811091863,13654,11.831889081455806,2232,1.9341421143847486,186,174,50,282
W008_001,W008_001,1286,2570.215000000003,1.998611975116643,21149,16.44556765163297,3854,2.9968895800933124,371,377,63,338
W008_002,W008_002,1140,2213.8859999999986,1.9420052631578935,16423,14.406140350877193,2736,2.4,197,292,45,266
W008_003,W008_003,592,822.6920000000011,1.3896824324324344,5007,8.45777027027027,830,1.402027027027027,24,46,6,45
W008_004,W008_004,677,1093.1940000000004,1.6147621861152148,5420,8.005908419497784,908,1.341211225997046,50,71,4,101
W008_005,W008_005,621,1147.2540000000013,1.8474299516908232,6517,10.494363929146537,1046,1.684380032206119,65,52,9,61
W009_001,W009_001,705,946.5110000000032,1.3425687943262457,6559,9.30354609929078,1032,1.4638297872340424,117,52,4,112
W009_002,W009_002,602,879.3349999999984,1.4606893687707616,7666,12.73421926910299,1409,2.340531561461794,46,32,74,160
W009_003,W009_003,525,573.4760000000044,1.0923352380952465,4304,8.198095238095238,725,1.380952380952381,28,34,25,75
W009_004,W009_004,274,351.22100000000023,1.2818284671532856,3604,13.153284671532846,737,2.68978102189781,45,31,14,48
W009_007,W009_007,958,1211.4470000000003,1.264558455114823,8215,8.575156576200417,1196,1.2484342379958246,103,66,44,101
W010_001,W010_001,683,1516.825000000002,2.220827232796489,9959,14.581259150805272,1708,2.500732064421669,137,145,32,188
W010_002,W010_002,820,1414.4609999999989,1.7249524390243889,11780,14.365853658536585,2090,2.548780487804878,143,142,49,176
W011_001,W011_001,158,182.38599999999994,1.1543417721518983,966,6.113924050632911,153,0.9683544303797469,12,6,24,31
